Workbook

Sheet задание 0
A1: день рождения | B1: день | C1: месяц | D1: год | G1: a(4) | H1: =ABS(A5-B2)+3 -> 7
A2: 38399 | B2: 16 | C2: 2 | D2: 2005 | G2: b(4) | H2: =GCD(B2,B5)*A8 -> 68
A4: номер дома | B4: номер квартиры
A5: 12 | B5: 22 | G5: b(3) | H5: =AVERAGE(B2,C2,A8) -> 17.333333
G6: c(3) | H6: =AVERAGE(A5,B5, 8) -> 14
A7: номер варианта
A8: 34
B51: =ABS(-5*B50^2 + 'задание 0'!$H$5*B50 + $F$2) -> 0

Sheet задание 2.1
A1: a(1) | B1: 34
A2: b(1) | B2: 16
A5: x | B5: -5 | C5: -3 | D5: -1 | E5: 1 | F5: 3 | G5: 5 | H5: 7 | I5: 9 | J5: 11 | K5: 13
A6: y | B6: =ABS(('задание 0'!$B$2 / 'задание 0'!$A$8 + ABS(B5))) -> 5.4705882 | C6: =ABS(('задание 0'!$B$2 / 'задание 0'!$A$8 + ABS(C5))) -> 3.4705882 | D6: =ABS(('задание 0'!$B$2 / 'задание 0'!$A$8 + ABS(D5))) -> 1.4705882 | E6: =ABS(('задание 0'!$B$2 / 'задание 0'!$A$8 + ABS(E5))) -> 1.4705882 | F6: =ABS(('задание 0'!$B$2 / 'задание 0'!$A$8 + ABS(F5))) -> 3.4705882 | G6: =ABS(('задание 0'!$B$2 / 'задание 0'!$A$8 + ABS(G5))) -> 5.4705882 | H6: =ABS(('задание 0'!$B$2 / 'задание 0'!$A$8 + ABS(H5))) -> 7.4705882 | I6: =ABS(('задание 0'!$B$2 / 'задание 0'!$A$8 + ABS(I5))) -> 9.4705882 | ... K6: =ABS(('задание 0'!$B$2 / 'задание 0'!$A$8 + ABS(K5))) -> 13.470588
A27: x | B27: -5 | C27: -3 | D27: -1 | E27: 1 | F27: 3 | G27: 5 | H27: 7 | I27: 9 | J27: 11 | K27: 13
A28: y | B28: ='задание 0'!$B$2 * B27^2 + 'задание 0'!C2*B27 + 'задание 0'!$A$8 -> 424 | C28: ='задание 0'!$B$2 * C27^2 + 'задание 0'!D2*C27 + 'задание 0'!$A$8 -> -5837 | D28: ='задание 0'!$B$2 * D27^2 + 'задание 0'!E2*D27 + 'задание 0'!$A$8 -> 50 | E28: ='задание 0'!$B$2 * E27^2 + 'задание 0'!F2*E27 + 'задание 0'!$A$8 -> 50 | F28: ='задание 0'!$B$2 * F27 ^ 2 + 'задание 0'!G2 * F27 + 'задание 0'!$A$8 -> #VALUE! | G28: ='задание 0'!$B$2 * G27^2 + 'задание 0'!H2*G27 + 'задание 0'!$A$8 -> 774 | H28: ='задание 0'!$B$2 * H27^2 + 'задание 0'!I2*H27 + 'задание 0'!$A$8 -> 818 | I28: ='задание 0'!$B$2 * I27^2 + 'задание 0'!J2*I27 + 'задание 0'!$A$8 -> 1330 | J28: ='задание 0'!$B$2 * J27^2 + 'задание 0'!K2*J27 + 'задание 0'!$A$8 -> 1970 | K28: ='задание 0'!$B$2 * K27^2 + 'задание 0'!L2*K27 + 'задание 0'!$A$8 -> 2738
A50: x | B50: -5 | C50: -3 | D50: -1 | E50: 1 | F50: 3 | G50: 5 | H50: 7 | I50: 9 | J50: 11 | K50: 13
A51: y | B51: =ABS(-5*B50^2 + 'задание 0'!$H$5*B50 + 'задание 0'!$H$6) -> 197.66667 | C51: =ABS(-5*C50^2 + 'задание 0'!$H$5*C50 + 'задание 0'!$H$6) -> 83 | D51: =ABS(-5*D50^2 + 'задание 0'!$H$5*D50 + 'задание 0'!$H$6) -> 8.3333333 | E51: =ABS(-5*E50^2 + 'задание 0'!$H$5*E50 + 'задание 0'!$H$6) -> 26.333333 | F51: =ABS(-5*F50^2 + 'задание 0'!$H$5*F50 + 'задание 0'!$H$6) -> 21 | G51: =ABS(-5*G50^2 + 'задание 0'!$H$5*G50 + 'задание 0'!$H$6) -> 24.333333 | H51: =ABS(-5*H50^2 + 'задание 0'!$H$5*H50 + 'задание 0'!$H$6) -> 109.66667 | I51: =ABS(-5*I50^2 + 'задание 0'!$H$5*I50 + 'задание 0'!$H$6) -> 235 | ... K51: =ABS(-5*K50^2 + 'задание 0'!$H$5*K50 + 'задание 0'!$H$6) -> 605.66667
A71: x | B71: -5 | C71: -3 | D71: -1 | E71: 1 | F71: 3 | G71: 5 | H71: 7 | I71: 9 | J71: 11 | K71: 13
A72: y | B72: =LOG('задание 0'!$H$2,'задание 0'!$H$1) -> 2.168398 | C72: =LOG('задание 0'!$H$2,'задание 0'!$H$1) -> 2.168398 | D72: =LOG('задание 0'!$H$2,'задание 0'!$H$1) -> 2.168398 | E72: =LOG('задание 0'!$H$2,'задание 0'!$H$1) -> 2.168398 | F72: =LOG('задание 0'!$H$2,'задание 0'!$H$1) -> 2.168398 | G72: =LOG('задание 0'!$H$2,'задание 0'!$H$1) -> 2.168398 | H72: =LOG('задание 0'!$H$2,'задание 0'!$H$1) -> 2.168398 | I72: =LOG('задание 0'!$H$2,'задание 0'!$H$1) -> 2.168398 | ... K72: =LOG('задание 0'!$H$2,'задание 0'!$H$1) -> 2.168398

Sheet задание 2.2
B1: -10 | C1: -7 | D1: -4 | E1: -1 | F1: 2 | G1: 5 | H1: 8 | J1: a | K1: 1
A2: -12 | B2: =(B$1)^2-($A2)^2 -> -44 | C2: =(C$1)^2-($A2)^2 -> -95 | D2: =(D$1)^2-($A2)^2 -> -128 | E2: =(E$1)^2-($A2)^2 -> -143 | F2: =(F$1)^2-($A2)^2 -> -140 | G2: =(G$1)^2-($A2)^2 -> -119 | H2: =(H$1)^2-($A2)^2 -> -80 | J2: b | K2: 1
A3: -6 | B3: =(B$1)^2-($A3)^2 -> 64 | C3: =(C$1)^2-($A3)^2 -> 13 | D3: =(D$1)^2-($A3)^2 -> -20 | E3: =(E$1)^2-($A3)^2 -> -35 | F3: =(F$1)^2-($A3)^2 -> -32 | G3: =(G$1)^2-($A3)^2 -> -11 | H3: =(H$1)^2-($A3)^2 -> 28
A4: 0 | B4: =(B$1)^2-($A4)^2 -> 100 | C4: =(C$1)^2-($A4)^2 -> 49 | D4: =(D$1)^2-($A4)^2 -> 16 | E4: =(E$1)^2-($A4)^2 -> 1 | F4: =(F$1)^2-($A4)^2 -> 4 | G4: =(G$1)^2-($A4)^2 -> 25 | H4: =(H$1)^2-($A4)^2 -> 64
A5: 6 | B5: =(B$1)^2-($A5)^2 -> 64 | C5: =(C$1)^2-($A5)^2 -> 13 | D5: =(D$1)^2-($A5)^2 -> -20 | E5: =(E$1)^2-($A5)^2 -> -35 | F5: =(F$1)^2-($A5)^2 -> -32 | G5: =(G$1)^2-($A5)^2 -> -11 | H5: =(H$1)^2-($A5)^2 -> 28
A6: 12 | B6: =(B$1)^2-($A6)^2 -> -44 | C6: =(C$1)^2-($A6)^2 -> -95 | D6: =(D$1)^2-($A6)^2 -> -128 | E6: =(E$1)^2-($A6)^2 -> -143 | F6: =(F$1)^2-($A6)^2 -> -140 | G6: =(G$1)^2-($A6)^2 -> -119 | H6: =(H$1)^2-($A6)^2 -> -80
A7: 18 | B7: =(B$1)^2-($A7)^2 -> -224 | C7: =(C$1)^2-($A7)^2 -> -275 | D7: =(D$1)^2-($A7)^2 -> -308 | E7: =(E$1)^2-($A7)^2 -> -323 | F7: =(F$1)^2-($A7)^2 -> -320 | G7: =(G$1)^2-($A7)^2 -> -299 | H7: =(H$1)^2-($A7)^2 -> -260
A8: 24 | B8: =(B$1)^2-($A8)^2 -> -476 | C8: =(C$1)^2-($A8)^2 -> -527 | D8: =(D$1)^2-($A8)^2 -> -560 | E8: =(E$1)^2-($A8)^2 -> -575 | F8: =(F$1)^2-($A8)^2 -> -572 | G8: =(G$1)^2-($A8)^2 -> -551 | H8: =(H$1)^2-($A8)^2 -> -512
B24: -10 | C24: -7 | D24: -4 | E24: -1 | F24: 2 | G24: 5 | H24: 8 | J24: a | K24: -2
A25: -12 | B25: =((B$24)^2 / ($K$24)^2) - (($A25)^2 / ($K$25)^2) -> -551 | C25: =((C$24)^2 / ($K$24)^2) - (($A25)^2 / ($K$25)^2) -> -563.75 | D25: =((D$24)^2 / ($K$24)^2) - (($A25)^2 / ($K$25)^2) -> -572 | E25: =((E$24)^2 / ($K$24)^2) - (($A25)^2 / ($K$25)^2) -> -575.75 | F25: =((F$24)^2 / ($K$24)^2) - (($A25)^2 / ($K$25)^2) -> -575 | G25: =((G$24)^2 / ($K$24)^2) - (($A25)^2 / ($K$25)^2) -> -569.75 | H25: =((H$24)^2 / ($K$24)^2) - (($A25)^2 / ($K$25)^2) -> -560 | J25: b | K25: -0.5
A26: -6 | B26: =((B$24)^2 / ($K$24)^2) - (($A26)^2 / ($K$25)^2) -> -119 | C26: =((C$24)^2 / ($K$24)^2) - (($A26)^2 / ($K$25)^2) -> -131.75 | D26: =((D$24)^2 / ($K$24)^2) - (($A26)^2 / ($K$25)^2) -> -140 | E26: =((E$24)^2 / ($K$24)^2) - (($A26)^2 / ($K$25)^2) -> -143.75 | F26: =((F$24)^2 / ($K$24)^2) - (($A26)^2 / ($K$25)^2) -> -143 | G26: =((G$24)^2 / ($K$24)^2) - (($A26)^2 / ($K$25)^2) -> -137.75 | H26: =((H$24)^2 / ($K$24)^2) - (($A26)^2 / ($K$25)^2) -> -128
A27: 0 | B27: =((B$24)^2 / ($K$24)^2) - (($A27)^2 / ($K$25)^2) -> 25 | C27: =((C$24)^2 / ($K$24)^2) - (($A27)^2 / ($K$25)^2) -> 12.25 | D27: =((D$24)^2 / ($K$24)^2) - (($A27)^2 / ($K$25)^2) -> 4 | E27: =((E$24)^2 / ($K$24)^2) - (($A27)^2 / ($K$25)^2) -> 0.25 | F27: =((F$24)^2 / ($K$24)^2) - (($A27)^2 / ($K$25)^2) -> 1 | G27: =((G$24)^2 / ($K$24)^2) - (($A27)^2 / ($K$25)^2) -> 6.25 | H27: =((H$24)^2 / ($K$24)^2) - (($A27)^2 / ($K$25)^2) -> 16
A28: 6 | B28: =((B$24)^2 / ($K$24)^2) - (($A28)^2 / ($K$25)^2) -> -119 | C28: =((C$24)^2 / ($K$24)^2) - (($A28)^2 / ($K$25)^2) -> -131.75 | D28: =((D$24)^2 / ($K$24)^2) - (($A28)^2 / ($K$25)^2) -> -140 | E28: =((E$24)^2 / ($K$24)^2) - (($A28)^2 / ($K$25)^2) -> -143.75 | F28: =((F$24)^2 / ($K$24)^2) - (($A28)^2 / ($K$25)^2) -> -143 | G28: =((G$24)^2 / ($K$24)^2) - (($A28)^2 / ($K$25)^2) -> -137.75 | H28: =((H$24)^2 / ($K$24)^2) - (($A28)^2 / ($K$25)^2) -> -128
A29: 12 | B29: =((B$24)^2 / ($K$24)^2) - (($A29)^2 / ($K$25)^2) -> -551 | C29: =((C$24)^2 / ($K$24)^2) - (($A29)^2 / ($K$25)^2) -> -563.75 | D29: =((D$24)^2 / ($K$24)^2) - (($A29)^2 / ($K$25)^2) -> -572 | E29: =((E$24)^2 / ($K$24)^2) - (($A29)^2 / ($K$25)^2) -> -575.75 | F29: =((F$24)^2 / ($K$24)^2) - (($A29)^2 / ($K$25)^2) -> -575 | G29: =((G$24)^2 / ($K$24)^2) - (($A29)^2 / ($K$25)^2) -> -569.75 | H29: =((H$24)^2 / ($K$24)^2) - (($A29)^2 / ($K$25)^2) -> -560
A30: 18 | B30: =((B$24)^2 / ($K$24)^2) - (($A30)^2 / ($K$25)^2) -> -1271 | C30: =((C$24)^2 / ($K$24)^2) - (($A30)^2 / ($K$25)^2) -> -1283.75 | D30: =((D$24)^2 / ($K$24)^2) - (($A30)^2 / ($K$25)^2) -> -1292 | E30: =((E$24)^2 / ($K$24)^2) - (($A30)^2 / ($K$25)^2) -> -1295.75 | F30: =((F$24)^2 / ($K$24)^2) - (($A30)^2 / ($K$25)^2) -> -1295 | G30: =((G$24)^2 / ($K$24)^2) - (($A30)^2 / ($K$25)^2) -> -1289.75 | H30: =((H$24)^2 / ($K$24)^2) - (($A30)^2 / ($K$25)^2) -> -1280
A31: 24 | B31: =((B$24)^2 / ($K$24)^2) - (($A31)^2 / ($K$25)^2) -> -2279 | C31: =((C$24)^2 / ($K$24)^2) - (($A31)^2 / ($K$25)^2) -> -2291.75 | D31: =((D$24)^2 / ($K$24)^2) - (($A31)^2 / ($K$25)^2) -> -2300 | E31: =((E$24)^2 / ($K$24)^2) - (($A31)^2 / ($K$25)^2) -> -2303.75 | F31: =((F$24)^2 / ($K$24)^2) - (($A31)^2 / ($K$25)^2) -> -2303 | G31: =((G$24)^2 / ($K$24)^2) - (($A31)^2 / ($K$25)^2) -> -2297.75 | H31: =((H$24)^2 / ($K$24)^2) - (($A31)^2 / ($K$25)^2) -> -2288
B47: -10 | C47: -7 | D47: -4 | E47: -1 | F47: 2 | G47: 5 | H47: 8 | J47: a | K47: 120
A48: -12 | B48: =((B$47)^2 /$K$47^2) - (($A48)^2 / $K$48^2) -> 0.0051077098 | C48: =((C$47)^2 /$K$47^2) - (($A48)^2 / $K$48^2) -> 0.0015660431 | D48: =((D$47)^2 /$K$47^2) - (($A48)^2 / $K$48^2) -> -0.00072562358 | E48: =((E$47)^2 /$K$47^2) - (($A48)^2 / $K$48^2) -> -0.0017672902 | F48: =((F$47)^2 /$K$47^2) - (($A48)^2 / $K$48^2) -> -0.0015589569 | G48: =((G$47)^2 /$K$47^2) - (($A48)^2 / $K$48^2) -> -0.00010062358 | H48: =((H$47)^2 /$K$47^2) - (($A48)^2 / $K$48^2) -> 0.0026077098 | J48: b | K48: 280
A49: -6 | B49: =((B$47)^2 /$K$47^2) - (($A49)^2 / $K$48^2) -> 0.0064852608 | C49: =((C$47)^2 /$K$47^2) - (($A49)^2 / $K$48^2) -> 0.0029435941 | D49: =((D$47)^2 /$K$47^2) - (($A49)^2 / $K$48^2) -> 0.00065192744 | E49: =((E$47)^2 /$K$47^2) - (($A49)^2 / $K$48^2) -> -0.00038973923 | F49: =((F$47)^2 /$K$47^2) - (($A49)^2 / $K$48^2) -> -0.0001814059 | G49: =((G$47)^2 /$K$47^2) - (($A49)^2 / $K$48^2) -> 0.0012769274 | H49: =((H$47)^2 /$K$47^2) - (($A49)^2 / $K$48^2) -> 0.0039852608
A50: 0 | B50: =((B$47)^2 /$K$47^2) - (($A50)^2 / $K$48^2) -> 0.0069444444 | C50: =((C$47)^2 /$K$47^2) - (($A50)^2 / $K$48^2) -> 0.0034027778 | D50: =((D$47)^2 /$K$47^2) - (($A50)^2 / $K$48^2) -> 0.0011111111 | E50: =((E$47)^2 /$K$47^2) - (($A50)^2 / $K$48^2) -> 6.9444444e-05 | F50: =((F$47)^2 /$K$47^2) - (($A50)^2 / $K$48^2) -> 0.00027777778 | G50: =((G$47)^2 /$K$47^2) - (($A50)^2 / $K$48^2) -> 0.0017361111 | H50: =((H$47)^2 /$K$47^2) - (($A50)^2 / $K$48^2) -> 0.0044444444
A51: 6 | B51: =((B$47)^2 /$K$47^2) - (($A51)^2 / $K$48^2) -> 0.0064852608 | C51: =((C$47)^2 /$K$47^2) - (($A51)^2 / $K$48^2) -> 0.0029435941 | D51: =((D$47)^2 /$K$47^2) - (($A51)^2 / $K$48^2) -> 0.00065192744 | E51: =((E$47)^2 /$K$47^2) - (($A51)^2 / $K$48^2) -> -0.00038973923 | F51: =((F$47)^2 /$K$47^2) - (($A51)^2 / $K$48^2) -> -0.0001814059 | G51: =((G$47)^2 /$K$47^2) - (($A51)^2 / $K$48^2) -> 0.0012769274 | H51: =((H$47)^2 /$K$47^2) - (($A51)^2 / $K$48^2) -> 0.0039852608
A52: 12 | B52: =((B$47)^2 /$K$47^2) - (($A52)^2 / $K$48^2) -> 0.0051077098 | C52: =((C$47)^2 /$K$47^2) - (($A52)^2 / $K$48^2) -> 0.0015660431 | D52: =((D$47)^2 /$K$47^2) - (($A52)^2 / $K$48^2) -> -0.00072562358 | E52: =((E$47)^2 /$K$47^2) - (($A52)^2 / $K$48^2) -> -0.0017672902 | F52: =((F$47)^2 /$K$47^2) - (($A52)^2 / $K$48^2) -> -0.0015589569 | G52: =((G$47)^2 /$K$47^2) - (($A52)^2 / $K$48^2) -> -0.00010062358 | H52: =((H$47)^2 /$K$47^2) - (($A52)^2 / $K$48^2) -> 0.0026077098
A53: 18 | B53: =((B$47)^2 /$K$47^2) - (($A53)^2 / $K$48^2) -> 0.0028117914 | C53: =((C$47)^2 /$K$47^2) - (($A53)^2 / $K$48^2) -> -0.00072987528 | D53: =((D$47)^2 /$K$47^2) - (($A53)^2 / $K$48^2) -> -0.003021542 | E53: =((E$47)^2 /$K$47^2) - (($A53)^2 / $K$48^2) -> -0.0040632086 | F53: =((F$47)^2 /$K$47^2) - (($A53)^2 / $K$48^2) -> -0.0038548753 | G53: =((G$47)^2 /$K$47^2) - (($A53)^2 / $K$48^2) -> -0.002396542 | H53: =((H$47)^2 /$K$47^2) - (($A53)^2 / $K$48^2) -> 0.00031179138
A54: 24 | B54: =((B$47)^2 /$K$47^2) - (($A54)^2 / $K$48^2) -> -0.00040249433 | C54: =((C$47)^2 /$K$47^2) - (($A54)^2 / $K$48^2) -> -0.003944161 | D54: =((D$47)^2 /$K$47^2) - (($A54)^2 / $K$48^2) -> -0.0062358277 | E54: =((E$47)^2 /$K$47^2) - (($A54)^2 / $K$48^2) -> -0.0072774943 | F54: =((F$47)^2 /$K$47^2) - (($A54)^2 / $K$48^2) -> -0.007069161 | G54: =((G$47)^2 /$K$47^2) - (($A54)^2 / $K$48^2) -> -0.0056108277 | H54: =((H$47)^2 /$K$47^2) - (($A54)^2 / $K$48^2) -> -0.0029024943
B68: -10 | C68: -7 | D68: -4 | E68: -1 | F68: 2 | G68: 5 | H68: 8 | J68: a | K68: 0.02
A69: -12 | B69: =((B$68)^2 /$K$68^2) - (($A69)^2 / $K$69^2) -> 249424 | C69: =((C$68)^2 /$K$68^2) - (($A69)^2 / $K$69^2) -> 121924 | D69: =((D$68)^2 /$K$68^2) - (($A69)^2 / $K$69^2) -> 39424 | E69: =((E$68)^2 /$K$68^2) - (($A69)^2 / $K$69^2) -> 1924 | F69: =((F$68)^2 /$K$68^2) - (($A69)^2 / $K$69^2) -> 9424 | G69: =((G$68)^2 /$K$68^2) - (($A69)^2 / $K$69^2) -> 61924 | H69: =((H$68)^2 /$K$68^2) - (($A69)^2 / $K$69^2) -> 159424 | J69: b | K69: 0.5
A70: -6 | B70: =((B$68)^2 /$K$68^2) - (($A70)^2 / $K$69^2) -> 249856 | C70: =((C$68)^2 /$K$68^2) - (($A70)^2 / $K$69^2) -> 122356 | D70: =((D$68)^2 /$K$68^2) - (($A70)^2 / $K$69^2) -> 39856 | E70: =((E$68)^2 /$K$68^2) - (($A70)^2 / $K$69^2) -> 2356 | F70: =((F$68)^2 /$K$68^2) - (($A70)^2 / $K$69^2) -> 9856 | G70: =((G$68)^2 /$K$68^2) - (($A70)^2 / $K$69^2) -> 62356 | H70: =((H$68)^2 /$K$68^2) - (($A70)^2 / $K$69^2) -> 159856
A71: 0 | B71: =((B$68)^2 /$K$68^2) - (($A71)^2 / $K$69^2) -> 250000 | C71: =((C$68)^2 /$K$68^2) - (($A71)^2 / $K$69^2) -> 122500 | D71: =((D$68)^2 /$K$68^2) - (($A71)^2 / $K$69^2) -> 40000 | E71: =((E$68)^2 /$K$68^2) - (($A71)^2 / $K$69^2) -> 2500 | F71: =((F$68)^2 /$K$68^2) - (($A71)^2 / $K$69^2) -> 10000 | G71: =((G$68)^2 /$K$68^2) - (($A71)^2 / $K$69^2) -> 62500 | H71: =((H$68)^2 /$K$68^2) - (($A71)^2 / $K$69^2) -> 160000
A72: 6 | B72: =((B$68)^2 /$K$68^2) - (($A72)^2 / $K$69^2) -> 249856 | C72: =((C$68)^2 /$K$68^2) - (($A72)^2 / $K$69^2) -> 122356 | D72: =((D$68)^2 /$K$68^2) - (($A72)^2 / $K$69^2) -> 39856 | E72: =((E$68)^2 /$K$68^2) - (($A72)^2 / $K$69^2) -> 2356 | F72: =((F$68)^2 /$K$68^2) - (($A72)^2 / $K$69^2) -> 9856 | G72: =((G$68)^2 /$K$68^2) - (($A72)^2 / $K$69^2) -> 62356 | H72: =((H$68)^2 /$K$68^2) - (($A72)^2 / $K$69^2) -> 159856
A73: 12 | B73: =((B$68)^2 /$K$68^2) - (($A73)^2 / $K$69^2) -> 249424 | C73: =((C$68)^2 /$K$68^2) - (($A73)^2 / $K$69^2) -> 121924 | D73: =((D$68)^2 /$K$68^2) - (($A73)^2 / $K$69^2) -> 39424 | E73: =((E$68)^2 /$K$68^2) - (($A73)^2 / $K$69^2) -> 1924 | F73: =((F$68)^2 /$K$68^2) - (($A73)^2 / $K$69^2) -> 9424 | G73: =((G$68)^2 /$K$68^2) - (($A73)^2 / $K$69^2) -> 61924 | H73: =((H$68)^2 /$K$68^2) - (($A73)^2 / $K$69^2) -> 159424
A74: 18 | B74: =((B$68)^2 /$K$68^2) - (($A74)^2 / $K$69^2) -> 248704 | C74: =((C$68)^2 /$K$68^2) - (($A74)^2 / $K$69^2) -> 121204 | D74: =((D$68)^2 /$K$68^2) - (($A74)^2 / $K$69^2) -> 38704 | E74: =((E$68)^2 /$K$68^2) - (($A74)^2 / $K$69^2) -> 1204 | F74: =((F$68)^2 /$K$68^2) - (($A74)^2 / $K$69^2) -> 8704 | G74: =((G$68)^2 /$K$68^2) - (($A74)^2 / $K$69^2) -> 61204 | H74: =((H$68)^2 /$K$68^2) - (($A74)^2 / $K$69^2) -> 158704
A75: 24 | B75: =((B$68)^2 /$K$68^2) - (($A75)^2 / $K$69^2) -> 247696 | C75: =((C$68)^2 /$K$68^2) - (($A75)^2 / $K$69^2) -> 120196 | D75: =((D$68)^2 /$K$68^2) - (($A75)^2 / $K$69^2) -> 37696 | E75: =((E$68)^2 /$K$68^2) - (($A75)^2 / $K$69^2) -> 196 | F75: =((F$68)^2 /$K$68^2) - (($A75)^2 / $K$69^2) -> 7696 | G75: =((G$68)^2 /$K$68^2) - (($A75)^2 / $K$69^2) -> 60196 | H75: =((H$68)^2 /$K$68^2) - (($A75)^2 / $K$69^2) -> 157696
B91: -10 | C91: -7 | D91: -4 | E91: -1 | F91: 2 | G91: 5 | H91: 8 | J91: a | K91: 2
A92: -12 | B92: =((B$91)^2 /$K$91^2) - (($A92)^2 / $K$92^2) -> 16 | C92: =((C$91)^2 /$K$91^2) - (($A92)^2 / $K$92^2) -> 3.25 | D92: =((D$91)^2 /$K$91^2) - (($A92)^2 / $K$92^2) -> -5 | E92: =((E$91)^2 /$K$91^2) - (($A92)^2 / $K$92^2) -> -8.75 | F92: =((F$91)^2 /$K$91^2) - (($A92)^2 / $K$92^2) -> -8 | G92: =((G$91)^2 /$K$91^2) - (($A92)^2 / $K$92^2) -> -2.75 | H92: =((H$91)^2 /$K$91^2) - (($A92)^2 / $K$92^2) -> 7 | J92: b | K92: 4
A93: -6 | B93: =((B$91)^2 /$K$91^2) - (($A93)^2 / $K$92^2) -> 22.75 | C93: =((C$91)^2 /$K$91^2) - (($A93)^2 / $K$92^2) -> 10 | D93: =((D$91)^2 /$K$91^2) - (($A93)^2 / $K$92^2) -> 1.75 | E93: =((E$91)^2 /$K$91^2) - (($A93)^2 / $K$92^2) -> -2 | F93: =((F$91)^2 /$K$91^2) - (($A93)^2 / $K$92^2) -> -1.25 | G93: =((G$91)^2 /$K$91^2) - (($A93)^2 / $K$92^2) -> 4 | H93: =((H$91)^2 /$K$91^2) - (($A93)^2 / $K$92^2) -> 13.75
A94: 0 | B94: =((B$91)^2 /$K$91^2) - (($A94)^2 / $K$92^2) -> 25 | C94: =((C$91)^2 /$K$91^2) - (($A94)^2 / $K$92^2) -> 12.25 | D94: =((D$91)^2 /$K$91^2) - (($A94)^2 / $K$92^2) -> 4 | E94: =((E$91)^2 /$K$91^2) - (($A94)^2 / $K$92^2) -> 0.25 | F94: =((F$91)^2 /$K$91^2) - (($A94)^2 / $K$92^2) -> 1 | G94: =((G$91)^2 /$K$91^2) - (($A94)^2 / $K$92^2) -> 6.25 | H94: =((H$91)^2 /$K$91^2) - (($A94)^2 / $K$92^2) -> 16
A95: 6 | B95: =((B$91)^2 /$K$91^2) - (($A95)^2 / $K$92^2) -> 22.75 | C95: =((C$91)^2 /$K$91^2) - (($A95)^2 / $K$92^2) -> 10 | D95: =((D$91)^2 /$K$91^2) - (($A95)^2 / $K$92^2) -> 1.75 | E95: =((E$91)^2 /$K$91^2) - (($A95)^2 / $K$92^2) -> -2 | F95: =((F$91)^2 /$K$91^2) - (($A95)^2 / $K$92^2) -> -1.25 | G95: =((G$91)^2 /$K$91^2) - (($A95)^2 / $K$92^2) -> 4 | H95: =((H$91)^2 /$K$91^2) - (($A95)^2 / $K$92^2) -> 13.75
A96: 12 | B96: =((B$91)^2 /$K$91^2) - (($A96)^2 / $K$92^2) -> 16 | C96: =((C$91)^2 /$K$91^2) - (($A96)^2 / $K$92^2) -> 3.25 | D96: =((D$91)^2 /$K$91^2) - (($A96)^2 / $K$92^2) -> -5 | E96: =((E$91)^2 /$K$91^2) - (($A96)^2 / $K$92^2) -> -8.75 | F96: =((F$91)^2 /$K$91^2) - (($A96)^2 / $K$92^2) -> -8 | G96: =((G$91)^2 /$K$91^2) - (($A96)^2 / $K$92^2) -> -2.75 | H96: =((H$91)^2 /$K$91^2) - (($A96)^2 / $K$92^2) -> 7
A97: 18 | B97: =((B$91)^2 /$K$91^2) - (($A97)^2 / $K$92^2) -> 4.75 | C97: =((C$91)^2 /$K$91^2) - (($A97)^2 / $K$92^2) -> -8 | D97: =((D$91)^2 /$K$91^2) - (($A97)^2 / $K$92^2) -> -16.25 | E97: =((E$91)^2 /$K$91^2) - (($A97)^2 / $K$92^2) -> -20 | F97: =((F$91)^2 /$K$91^2) - (($A97)^2 / $K$92^2) -> -19.25 | G97: =((G$91)^2 /$K$91^2) - (($A97)^2 / $K$92^2) -> -14 | H97: =((H$91)^2 /$K$91^2) - (($A97)^2 / $K$92^2) -> -4.25
A98: 24 | B98: =((B$91)^2 /$K$91^2) - (($A98)^2 / $K$92^2) -> -11 | C98: =((C$91)^2 /$K$91^2) - (($A98)^2 / $K$92^2) -> -23.75 | D98: =((D$91)^2 /$K$91^2) - (($A98)^2 / $K$92^2) -> -32 | E98: =((E$91)^2 /$K$91^2) - (($A98)^2 / $K$92^2) -> -35.75 | F98: =((F$91)^2 /$K$91^2) - (($A98)^2 / $K$92^2) -> -35 | G98: =((G$91)^2 /$K$91^2) - (($A98)^2 / $K$92^2) -> -29.75 | H98: =((H$91)^2 /$K$91^2) - (($A98)^2 / $K$92^2) -> -20
